id,name,manufacturer,scale,year,folder,material,type,desc,figures
0,Ковбои11199911,Арк Моделс,1:32,2010-,arkmodels/cowboys,plastic,round,"Современные копии фигурок американской фирмы Marx, выпускавшиеся также Донецким заводом игрушек в СССР.",;;;;;;;
1,Индейцы,Арк Моделс,1:32,2010-,arkmodels/indians,plastic,round,"Современные копии фигурок американской фирмы Marx, выпускавшиеся также Донецким заводом игрушек в СССР. Полный набор, включая редкую для ДЗИ фигурку раненого индейца.",;;;;;;;
2,Рыцари,Арк Моделс,1:32,2010-,arkmodels/knights,plastic,round,"Современные копии фигурок американской фирмы Marx, выпускавшиеся также Донецким заводом игрушек в СССР. В отличие от Marx, в этом набор и от ДЗИ нет двух фигур - магистра и лучника.",;;;;;
3,Пираты,Арк Моделс,1:32,2010-,arkmodels/pirates,plastic,round,"Современные копии фигурок американской фирмы Marx, выпускавшиеся также Донецким заводом игрушек в СССР.",;;;;;;;
4,Римляне,Арк Моделс,1:32,2010-,arkmodels/romans,plastic,round,"Современные копии фигурок американской фирмы Marx, выпускавшиеся также Донецким заводом игрушек в СССР.",;;;;;;;
5,Викинги,Арк Моделс,1:32,2010-,arkmodels/vikings,plastic,round,"Современные копии фигурок американской фирмы Marx, выпускавшиеся также Донецким заводом игрушек в СССР.",;;;;;;;
6,Воины средневековья,АФМИ,1:32,1970-,astrecovo/srednevekovye,plastic,flat,"Скульптор Б. Д. Савельев, производство Астрецовской фабрики металлических игрушек. Кроме варианта в пластике изготавливались также из металла.","Воин, атакующий с копьём;Воин на коне;Воин, атакующий с луком;Воин, атакующий с мечом;Рыцарь со знаменем;Рыцарь, атакующий с мечом;Раненый рыцарь;Рыцарь, атакующий с копьём"
7,Эпоха великих сражений (Сарацины),Биплант,1:32,,biplant/saracins,plastic,round,,Мавр;Мамлюк;Хашишин;Сельджук;Янычар
8,Индейцы,Cane,1:30,,cane/indians,plastic,round,Набор представляет из себя 65-миллиметровую копию 150-мм набора американской фирмы Marx.,;;;;;
9,Индейцы,Domplast,1:32,1970-,domplast/indians,plastic,round,Набор фигурок по мотивам произведений Карла Фридриха Мая (книги о Виннету). На подставках подписаны имена персонажей.,;;;;;
10,Крестоносцы,Jecsan,1:32,,jecsan/crusaders,plastic,round,В наборе не хватает четырёх конных фигур.,;;;;;;;;;;
11,Египтяне,Jecsan,1:32,,jecsan/egyptians,plastic,round,В наборе не хватает трёх конных фигур.,;;;;;;;;;;
12,Французская пехота,Jecsan,1:32,,jecsan/napoleonic,plastic,round,,;;;;;;;
13,Войско Гарольда Годвинсона,Солдатики ЛАД,1:32,2018,lad/garold,plastic,flat,"14 октября 1066 года в окрестностях Гастингса (Англия) состоялось сражение между англосаксонской армией короля Гарольда Годвинсона и войсками нормандского герцога Вильгельма. Сражение при Гастингсе стало решающим моментом в нормандском завоевании Англии. Вильгельм стал новым английским королем. При создании набора за основу был взят Гобелен из Байё - памятник средневекового искусства конца XI века, представляющий собой вышивку шерстяными нитями разных цветов по льняному полотну шириной около 50-и см и длиной 68,38 м. Изображает сцены подготовки нормандского завоевания Англии и битвы при Гастингсе. В настоящее время гобелен выставлен в специальном музее в городе Байё в Нормандии и относится к национальному достоянию Французской республики. Автор - Алексей Лапшин, г. Тюмень.",;;;;;;;;;;;;;;;
14,Золото скифов,Солдатики ЛАД,1:32,2018,lad/skify,plastic,flat,"Набор выполнен по мотивам артефактов, найденных при раскопках скифских и сарматских курганах в Днепропетровской области и Крыму. Автор - Алексей Лапшин, г. Тюмень.",;;;;;;;;
15,Войско Вильгельма Завоевателя,Солдатики ЛАД,1:32,2018,lad/wilhelm,plastic,flat,"14 октября 1066 года в окрестностях Гастингса (Англия) состоялось сражение между англосаксонской армией короля Гарольда Годвинсона и войсками нормандского герцога Вильгельма. Сражение при Гастингсе стало решающим моментом в нормандском завоевании Англии. Вильгельм стал новым английским королем. При создании набора за основу был взят Гобелен из Байё - памятник средневекового искусства конца XI века, представляющий собой вышивку шерстяными нитями разных цветов по льняному полотну шириной около 50-и см и длиной 68,38 м. Изображает сцены подготовки нормандского завоевания Англии и битвы при Гастингсе. В настоящее время гобелен выставлен в специальном музее в городе Байё в Нормандии и относится к национальному достоянию Французской республики.",;;;;;;;;;;;;;;
16,"Ледовое побоище, 2 выпуск",ЛКЗ,1:32,1977,lkz/ice_battle,metal,flat,"Скульптор Л. С. Разумовский. К созданию набора его привлекли в 1972 году. Для этого он много времени проводил в этнографическом музее, делая зарисовки одежды, доспехов и оружия русских воинов и сражавшихся с ними рыцарей, после чего создал 14 двусторонних рельефов. Каждого солдатика сначала лепили из пластилина на отдельном куске стекла — на одной стороне аверс, а на другой — реверс. С каждого рельефа делали гипсовые отливки, которые обрабатывались автором, а потом передавались на завод. Там с них снималась форма и уменьшалась в несколько раз.
Второй выпуск отличается положением меча у двух фигур конных рыцарей и пластиковым боксом взамен картонного.",Конный немецкий рыцарь в атаке с копьём;Пеший немецкий рыцарь в атаке с копьём;Знаменосец;Пеший немецкий рыцарь в атаке с копьём;Магистр немецких рыцарей;Пеший немецкий рыцарь в атаке с мечом;Конный немецкий рыцарь в атаке с мечом;Конный русский латник в атаке с мечом;Пеший русский латник в атаке с луком;Александр Невский;Пеший русский латник в атаке с топором;Знаменосец;Пеший русский латник в атаке с копьём;Конный русский латник в атаке с копьём
17,Матросы Октября,ЛКЗ,1:32,1980-,lkz/matrosy_oktyabrya,metal,flat,Скульптор Л. С. Разумовский.,Командир;Идущий матрос;Идущий матрос;Идущий матрос;Стреляющий матрос;Стреляющий матрос;Стреляющий матрос;Бегущий матрос;Бегущий матрос;Бегущий матрос;Пулемётчик;Пулемётчик
18,Революционные матросы,ЛКЗ,1:32,1980-,lkz/revolution_matrosy,metal,flat,Скульптор Л. С. Разумовский.,Матрос со знаменем;Командир;Матрос с винтовкой на плече;Матрос с винтовкой на плече;Матрос с винтовкой на плече;Матрос с винтовкой на плече;Матрос с винтовкой наперевес;Матрос с винтовкой наперевес;Матрос с винтовкой наперевес;Матрос с винтовкой наперевес;Матрос с пулемётом;Матрос с пулемётом
19,Моряки,ЛПО Игрушка,1:25,1968-,lpo_igrushka/matrosy,plastic,flat,Набор состоял из 8 фигур в 4 позах.,Моряк с винтовкой;Моряк с пулеметом;Моряк с автоматом;Командир
20,Первая конная,ЛПО Игрушка,1:32,1967-,lpo_igrushka/red_cavalry,plastic,flat,"Скульптор Б. Д. Савельев. Поздний выпуск, отличающийся изношенностью форм и более тонкими и менее детализированными фигурами.",;;;;;;;
21,Индейцы,Marx/Marx recast,1:35,1958-,marx/indians,plastic,round,Неполный набор.,;;;;;;;;;
22,Робин Гуд и вольные стрелки,Marx/Marx recast,1:35,1956-,marx/robinhood,plastic,round,Набор по мотивам телешоу «Приключения Робин Гуда».,;;;;;;;;;;;;;
23,Советская пехота,Marx/Marx recast,1:35,,marx/soviet,plastic,round,,;;;;;
24,Пионеры Запада,Marx/Marx recast,1:35,,marx/trappers,plastic,round,,;;;;;;;;
25,Неприкасаемые,Marx/Marx recast,1:35,,marx/untouchables,plastic,round,Набор по мотивам телешоу «Неприкасаемые».,;;;;;;;;;;;;;;;;Аль Капоне;Элиот Несс
26,Викинги,Marx/Marx recast,1:35,,marx/vikings,plastic,round,,;;;;;;;;
27,Греческие воины,Нетехнолог,1:32,2018-2019,netechnolog/greeks,plastic,round,Переработанные копии оловянных фигурок EK Castings.,"Спартанский командир на коне, V век до н.э.;Спартанский командир на коне, V век до н.э.;Афинский гоплит, 490 год до н.э.;Спартанский гоплит, V век до н.э. (?);Греческий гоплит, 480 год до н.э.;Феспийский гоплит, V век до н.э.;Гоплит, конец VI – нач. V века до н.э.;Македонский гоплит, середина IV век до н.э.;Гоплит на коне, конец VI – нач. V века до н.э. (?);Греческий гоплит на коне, 480 год до н.э."
28,Рыцари,Нетехнолог,1:32,2018-2019,netechnolog/knights,plastic,round,Переработанные копии оловянных фигурок EK Castings.,;;;;;;;;;;;
29,Польский гусар,Нетехнолог,1:32,2018-2019,netechnolog/polish,plastic,round,Переработанные копии оловянных фигурок EK Castings.,
30,Римляне,Нетехнолог,1:32,2018-2019,netechnolog/romans,plastic,round,Переработанные копии оловянных фигурок. Описания взяты с сайта http://ekcastings.com/,"?;Восточный лучник. Рим, конец I – нач. II века;Римский легионер, I-II вв. н.э.;Римский легионер, III-II вв. до н.э.;Римский центурион, нач. I века н.э.;Римский легионер, I век н.э.;Римский легионер, I век до н.э.;Римский легионер, III-II вв. до н.э.;Римский легионер, I-II вв. н.э.;Офицер II Вспомогательного легиона, конец I – II век;Римский легионер, I-II вв. н.э.;?;Аквилифер римского легиона. I-II вв. н.э.;Римский легионер, I век н.э.;Всадник вспомогательной конницы. Рим, I век н.э.;Преторианский гвардеец на коне. Рим, конец II - нач. III века н.э."
31,Русские богатыри,Нетехнолог,1:32,2018-2019,netechnolog/russians,plastic,round,Переработанные копии оловянных фигурок EK Castings.,;;;;;;;;;;;;;;
32,Викинги,Нетехнолог,1:32,2018-2019,netechnolog/vikings,plastic,round,Переработанные копии оловянных фигурок. Описания взяты с сайта http://ekcastings.com/,"Берсерк, 9-10 век;Викинг с копьём и топором, 9-10 вв.;Викинг с копьём, 9-10 вв.;Викинг, 10 век;Викинг, 9-10 вв.;Ярл, 9-10 век;Ярл, 9-10 век;Викинг с топором, 9-10 вв.;;;"
33,Армия США,Оритет,1:32,1990-,oritet/americans,plastic,round,Солдаты армии Вашингтона времён Войны за независимость. Набор изготавливался для продажи в США.,;;;
34,Британские парашютисты,Оритет,1:35,1990-,oritet/british,plastic,round,Копия солдатиков Airfix.,;;;;;;
35,Немецкая пехота,Оритет,1:35,1990-,oritet/germans,plastic,round,Копия солдатиков Airfix.,;;;
36,Солдаты в бою,Прогресс,1:32,1980-,progress/soldaty_v_boyu,plastic,round,"Солдатики выпускались в картонной коробке, минимально окрашенные. Покрас авторский.","Солдат-знаменосец;Солдат с винтовкой и гранатой;Солдат, стреляющий стоя;Командир;Солдат в атаке;Солдат-часовой;Солдат с автоматом и гранатой;Солдат, стреляющий сидя;Раненый солдат"
37,Солдаты в походе,ЛКЗ,1:32,1980-,lkz/v_pohode,metal,flat,Скульптор Л. С. Разумовский.,Командир;Автоматчик
38,Красная конница,ЛПО Игрушка,1:32,1975-1991,lpo_igrushka/red_cavalry_2,plastic,flat,Скульптор Б. Д. Савельев.,"Будённовец со знаменем;Будённовец, бьющий шашкой;Будённовец с горном;Командир;Будённовец с шашкой вперёд;Будённовец, замахивающийся шашкой;Будённовец с шашкой вперёд;Будённовец с шашкой вперёд"
39,Солдаты,ЛПО Игрушка,1:25,1968-,lpo_igrushka/soldaty,plastic,flat,Набор состоял из 8 фигур в 4 позах.,"Солдат-знаменосец;Солдат с автоматом, атакующий;Солдат с гранатой;Солдат с винтовкой, атакующий"
40,Конница 1812 года (набор №1),Малыш,1:32,1983-,malysh/1812_cavalry/1,plastic,flat,"Скульптор Б. Д. Савельев. Разные выпуски различались качеством пластика (плотный и полупрозрачный), ценой (12к. ранние и 11к. поздние), а также множеством мелких деталей.",;;;;;;;;;;
41,Тачанка,ЛПО Игрушка,1:32,1967-,lpo_igrushka/tachanka,plastic,flat,Скульптор Б. Д. Савельев. Выпускалась также в металле в составе набора «Конармия»,Тачанка с двумя конями;Тачанка с двумя конями (вариант);Тачанка с двумя конями (вариант)
42,Ковбои,Польша,1:32,1980?-,poland/cowboys,plastic,round,,Ковбой с ружьем;Убегающий ковбой;Ковбой с пистолетом;Ковбой без ничего;Ковбой с двумя пистолетами;Ковбой на одном колене
43,Русские гренадёры 1812 года,Уфимский солдатик,1:32,2018?,ufimskiy/grenadery,plastic,round,20 солдатиков в 4 позах,;;;
44,Лейб-гвардии Литовский полк,Линтек,1:32,1993,lintek/lithuanian,plastic,round,"Лаборатория Интеллектуального Научно-Технического Конструирования (ЛИНТЕК, ударение на первом слоге) была создана А.Шиповым в 1991г. в г.Екатеринбург для производства компьютерных программ. В 1992г. название перешло на проект «Солдатики». Выбор в пользу изготовления солдатиков был не случаен – все учредители были любителями военной истории.
Из беседы с А.Шиповым: «…я бы никогда не стал делать кашпо, тазики и ведра, хотя, возможно, это прибыльней. Я согласился делать солдатиков, потому что это было мне интересно». В планах производства «Линтек» было изготовление фигур на 1812г. русской и французской армий, далее планировалось выпускать Античность и Средневековье. Производство размещалось на территории зоопарка и было оснащено двумя пласт-автоматами, несколькими металлообрабатывающими станками и станком по изготовлению литейных форм. Впоследствии были самостоятельно изготовлены полуавтоматы с штучной загрузкой - «самовары». Всегда работал только 1 автомат, второй был в резерве. Также выдавали продукцию «самовары». Производительная мощность пласт-автомата была 6 фигур за 40сек.
В августе 1992г. на автоматах была выпущена первая партия фигур: обер-офицер и солдат русской и французской армий 1812г. в положении «строевая стойка», М 1:20, цвет серый. В дальнейшем выпускались фигуры синего, зеленого и красного цветов. Из них комплектовались наборы по 1 офицеру и 4 солдата в полиэтиленовой запайке с цветным картинкой-вкладышем. Первые продажи – сентябрь 1992г., Москва, Манежная площадь, День города. В октябре этого же года в наборе 4-й солдат был заменен барабанщиком. Также было в начале отлито несколько десятков оловянных фигур, как подарочно-представительских. В конце октября примерно 5 000 фигур были доставлены автором на Сахалин для последующей реализации в Японии через совместное русско-японское предприятие (СП). Малые партии фигур (до 50шт.) были презентованы коллегам по исторической реконструкции на «полях сражений» Италии, Испании, Франции, Бельгии. В 1993г. по заказу фирмы «Дилан» была выпущена партия (около 3000 наборов) фигур «Коммандо», М 1:30, в движении. В набор вошли герой боевиков Шварценеггер, боец с М-16, радист, пулемётчик, боец с М-16 и револьвером, боец с КК и кольтом. Набор имел цветную коробку. Часть наборов реализовалась «Линтек», а основная масса ушла заказчику вместе с пресс-формами, и судьба этих форм неизвестна.
Далее был налажен выпуск «Лейб-гвардии Литовский полк 1812г.», М 1:30. В набор вошли обер-офицер, знаменосец, барабанщик, стрелок со штыком, стрелок без штыка, «заряжающий», «призывающий». Впоследствии в цветную коробку набора вкладывали сапера Старой гвардии. Коробки под Старую гвардию изготовили, но набор не был выпущен, за исключением сапера. Изготовленный в 1995г. художником С.Коллодием набор «Казаки. 1914-1920гг.», 6 фигур, также не пошел в серию.
В конце 1995г. «Линтек» прекратил свою деятельность.
Несколько причин прекращения деятельности «Линтек»:
1. Вместо одного обещанного месяца художник делал мастер-модели около года.
2. Ошибкой был запуск производства литовцев в таких позах. Линия разъёма получилась чрезвычайно сложной, и слесарь потратил много больше запланированного времени и с трудом довел только 7 пресс-форм. Если бы делали, как первый набор или Коммандо, то никаких проблем бы не возникло, т.к. линия разъёма там простейшая, отсюда и качество.
3. Участился невозврат денег за поставленную на реализацию продукцию. «Мутные» 90-е, где концов было найти невозможно, даже при наличии договоров.
4. Все вышеперечисленное вызвало большую потерю рабочего времени, соответственно рост задолженностей по кредитам, что обусловило малую рентабельность предприятия. После долгих раздумий и попыток найти выход было принято решение закрыть проект, расплатившись имуществом «Линтек» с кредиторами. Судьба мастер-моделей и пресс-форм неизвестна, т.к. они вошли в понятие «имущество», скорее всего, они были уничтожены.

Генеральный директор – Шипов А.
Начальник производства – Куличев Е.
Финансовый директор – Бадюк А.
Начальник сбыта – Гилёв Н.
Художник – Пятков Ю.
Куратор проекта – Каминкер М. ООО «Сфинкс»

На производстве работало 15 человек, за весь период было выпущено более миллиона фигур. Реализация шла по торговым сетям, оптовым базам на всей территории России.
(описание взято с сайта http://toyarmyussr.in.ua/)",Барабанщик;Стрелок заряжающий;Унтер-офицер;Стрелок со штыком;Обер-офицер;Знаменосец
45,Легенды Сибири,Горыныч Пласт,1:32,2019,gorynych/sibir,plastic,flat,Набор по мотивам картины Василия Сурикова «‎Покорение Сибири Ермаком Тимофеевичем»,Ермак;Иван Кольцо;;;;Хан Кучум;;
46,"Французские солдаты, франко-прусская война?",?,1:42,,unknown/infantry,metal,flat,"Происхождение солдатиков доподлинно неизвестно, как вариант - домашнее литьё, либо солдатики, которые клали в пакетики со снэками. Время выпуска также определить затруднительно.",;;;;;;;;
47,"Красная армия, №1",Инженер Басевич,1:32,2010-,basevich/krasnye_1,plastic,round,,;;;;;;;;;
48,"Красная армия, №1 продолжение",Инженер Басевич,1:32,2010-,basevich/krasnye_2,plastic,round,,;;;;;;;;;
49,"За веру, царя и отечество! №2",Инженер Басевич,1:32,2010-,basevich/belye_1,plastic,round,,;;;;;;;;;
50,"Контрреволюция, №3",Инженер Басевич,1:32,2010-,basevich/belye_2,plastic,round,,;;;;;;;;;
51,Конные конкистадоры,Нетехнолог,1:32,2018-2019,netechnolog/spanish,plastic,round,,
52,Ниндзя - воины ночи,Hi Standard LTC,1:18,2014,hi_standard_ltc/ninja,plastic,round,,;;;;;;;
53,Индейцы,Огонёк,1:32,1980-,ogonek/indians,plastic,round,"Ранний выпуск на прямоугольных подставках, включая фигурку индейца с ирокезом и ножом, которая впоследствии была заменена на фигурку с луком по причине излишней агрессивности.",;;;;
54,Прусский улан,?,1:32,,unknown/ulan,metal,flat,Авторский покрас,
55,Казахское ханство,Солдатики ЛАД,1:32,2019,lad/kazahi,plastic,flat,,;;;;;
56,Барон Хлодомир и его люди,Воины и битвы,1:32,2018-,voiny_i_bitvy/hlodomir,plastic,flat,,;;;;;
57,"Конные половцы (XI-XII вв), выпуск 1",Воины и битвы,1:32,2018-,voiny_i_bitvy/konnye_polovcy,plastic,flat,,;;;
58,"Конные половцы (XI-XII вв), выпуск 2",Воины и битвы,1:32,2018-,voiny_i_bitvy/konnye_polovcy_2,plastic,flat,,;;;
59,Крестьяне и разбойники,Воины и битвы,1:32,2018-,voiny_i_bitvy/krestiane,plastic,flat,,;;;;;;;
60,Ледовое побоище,Воины и битвы,1:32,2018-,voiny_i_bitvy/ledovoe_poboische,plastic,flat,,;;;;;;;;;
61,Революционные матросы,Воины и битвы,1:32,2019-,voiny_i_bitvy/matrosy,plastic,flat,,;;;;;;;;;;;
62,Тайный Орден Мёртвого Пламени (маги),Воины и битвы,1:32,2018-,voiny_i_bitvy/orden_plameni,plastic,flat,,;;;;;;;
63,"Пешие половцы (XI-XII вв), выпуск 1",Воины и битвы,1:32,2018-,voiny_i_bitvy/peshie_polovcy,plastic,flat,,;;;;;;;
64,"Пограничники, выпуск 1",Воины и битвы,1:32,2019-,voiny_i_bitvy/pogranichniki,plastic,flat,,;;;;;;
65,"Половецкий стан, выпуск 1",Воины и битвы,1:32,2019-,voiny_i_bitvy/polovetski_stan,plastic,flat,,;;;;;
66,Русская пешая дружина,Воины и битвы,1:32,2018-,voiny_i_bitvy/rus_druzhina,plastic,flat,,;;;;;;;
67,Самураи,Нетехнолог,1:32,2018-2019,netechnolog/samurai,plastic,round,,"Асигару. Япония, 1600 год;Асигару. Япония, 15-16 век;Самурай, 16-17 век;Самурай в походе, 16 век;Самурай, 11-13 век;Самурай с копьём яри, 1600 год;Самурай, 1600 год"
68,"РККА. Если завтра война, №4",Инженер Басевич,1:32,2010-,basevich/rkka,plastic,round,,;;;;;;;
69,Солдаты 1812 года,АФМИ,1:35,1970-,astrecovo/1812,metal,flat,Современная копия от УРА,
70,"Эпоха великих сражений (Крестоносцы, №1)",Биплант,1:32,,biplant/crusaders1,plastic,round,,Маршал;Копейщик;Латник
71,"Эпоха великих сражений (Крестоносцы, №2)",Биплант,1:32,,biplant/crusaders2,plastic,round,,Паладин;Тамплиер;Лучник;Лазутчик;Тевтонец
72,Эпоха великих сражений (Галлы),Биплант,1:32,,biplant/galls,plastic,round,,Верцингеториг;Думнорикс;Таврин;Гезат;Друид;Гезат
73,Эпоха великих сражений (Римляне),Биплант,1:32,,biplant/romans,plastic,round,,Центурион;Триарий;Гоплит;Принцип;Гастат;Пращник
74,Эпоха великих сражений (Русичи),Биплант,1:32,,biplant/russians,plastic,round,,Воевода;Сотник;Копейщик;Стрелец;Дружинник;Копейщик
75,Солдаты 1812 года,Малыш,1:32,1970-,malysh/1812,plastic,round,,;;;
76,Немецкая пехота,Airfix,1:32,2010-,airfix/germans_2010,plastic,round,,;;;;;;;
77,Воины 1812 года,АФМИ,1:35,1980-,astrecovo/pehota1812,metal,flat,,;;;;;;;;
78,Конармия,АФМИ,1:32,1970-,astrecovo/konarmia,metal,flat,,;;;;;;
79,Воины Средневековья (пешие),АФМИ,1:32,1970-1980-е,astrecovo/voiny_srednevekovya_peshie,metal,flat,,;;;;;;;;;;;;;;;
80,Воины Средневековья (конные),АФМИ,1:32,1970-1980-е,astrecovo/voiny_srednevekovya_konnye,metal,flat,,;;;;;;;
81,Австралийская пехота,Оритет,1:35,1990-е,oritet/australians,plastic,round,Копия Airfix,;;;
82,Зулусские воины,Cherilea,1:32,,cherilea/africans,plastic,round,,;;;;;
83,Зулусские воины,Charbens,1:32,,charbens/africans,plastic,round,,;;
84,Воины 1812 года,Дон-Пересвет,1:32,2019-2020,don_peresvet/1812,metal,round,,;;;;;
85,Солдаты Петра I,Дон-Пересвет,1:42,2000-,don_peresvet/petr1,metal,flat,,;;;;;;;;;;;
86,Солдаты Петра I (Семёновский полк),Дон-Пересвет,1:42,2000-,don_peresvet/petr1_semen,metal,flat,,;;;;
87,Римляне,Jecsan,1:32,,jecsan/romans,plastic,round,,;;;;;
88,Тяжкий XIII-век: Княжеская дружина,Солдатики ЛАД,1:32,,lad/tyazhki,plastic,flat,,;;;;;;;
89,Воины древней Эллады,Солдатики ЛАД,1:32,,lad/goplits,plastic,flat,,;;;;;;;
90,Ледовое побоище: русская дружина,Солдатики ЛАД,1:32,,lad/ledovoe_russians,plastic,flat,,;;;;;;;;;;;
91,Ледовое побоище: рыцари,Солдатики ЛАД,1:32,,lad/ledovoe_knights,plastic,flat,,;;;;;;;;;;;
92,Египтяне,ДЗИ,1:32,1980-,dzi/egyptians,plastic,round,,;;;;;;;
93,Самураи (конные),Нетехнолог,1:32,2020,netechnolog/samurai_konnye,plastic,round,,;;;;
94,Швейцарский всадник,Нетехнолог,1:32,2020,netechnolog/samurai_konnye,plastic,round,,
95,Русская дружина,Прогресс,1:32,1980-,progress/rus_drujina,plastic,round,,;;;;
96,Древняя Греция. Фаланга. Афины,Воины и битвы,1:32,,voiny_i_bitvy/goplits,plastic,flat,,;;;;;
97,Ацтеки,Воины и битвы,1:32,,voiny_i_bitvy/aztecs,plastic,flat,,;;;;;;;
98,Конкистадоры,Воины и битвы,1:32,,voiny_i_bitvy/konkistadory,plastic,flat,,;;;;;;;
99,Русская конная дружина. Младшая дружина,Воины и битвы,1:32,,voiny_i_bitvy/mladshaya_drujina,plastic,flat,,;;;;;
100,Русская конная дружина. Старшая дружина,Воины и битвы,1:32,,voiny_i_bitvy/starshaya_drujina,plastic,flat,,;;;;;
101,Всадники 1812 года,"Химический завод им.Ленина, г.Казань",1:32,1970-,kazan/1812,plastic,flat,,;;;
102,"Половецкий стан, выпуск 2",Воины и битвы,1:32,2019-,voiny_i_bitvy/polovetski_stan_2,plastic,flat,,;;;
103,Викинги,Emhar,1:32,,emhar/vikings,plastic,round,,;;;;;;;;;;;
104,Барон Манфре и его люди,Воины и битвы,1:32,,voiny_i_bitvy/manfre,plastic,flat,,;;;;;
105,Первая конная,ЛПО Игрушка,1:32,1967-,lpo_igrushka/pervaya_konnaya_1,plastic,flat,"Скульптор Б. Д. Савельев. Ранний выпуск, наиболее детализированные фигуры, широкая подставка.",;;;;;;;
106,Первая конная,ЛПО Игрушка,1:32,1967-,lpo_igrushka/pervaya_konnaya_2,plastic,flat,Скульптор Б. Д. Савельев. Промежуточный по детализации вариант.,;;;;;;;
107,Конница 1812 года (набор №2),Малыш,1:32,1983-,malysh/1812_cavalry/2,plastic,flat,"Скульптор Б. Д. Савельев. Разные выпуски различались качеством пластика (плотный и полупрозрачный), ценой (12к. ранние и 11к. поздние), а также множеством мелких деталей.",;;;;;
108,Конница 1812 года (набор №3),Малыш,1:32,1983-,malysh/1812_cavalry/3,plastic,flat,"Скульптор Б. Д. Савельев. Разные выпуски различались качеством пластика (плотный и полупрозрачный), ценой (12к. ранние и 11к. поздние), а также множеством мелких деталей.",;;;;;;;;
109,Конница 1812 года (набор №4),Малыш,1:32,1983-,malysh/1812_cavalry/4,plastic,flat,"Скульптор Б. Д. Савельев. Разные выпуски различались качеством пластика (плотный и полупрозрачный), ценой (12к. ранние и 11к. поздние), а также множеством мелких деталей.",;;;;;;;;;
110,Папуасы,PGH Effelder,1:32,1971-1998,pgh_effelder/papuasy,plastic,round,,;;;;;
111,Ковбои,TimMee,1:32,,timmee/cowboys,plastic,round,,;;;
112,Индейцы,TimMee,1:32,,timmee/indians,plastic,round,,;;;;;
113,Суворовский мушкетёр,Солдатики «УРА»,1:35,,ura/suvorov,metal,flat,,
114,Легенды Сибири (дополнение),Горыныч Пласт,1:32,2020,gorynych/sibir2,plastic,flat,Набор по мотивам картины Василия Сурикова «‎Покорение Сибири Ермаком Тимофеевичем»,;;;;;;;;;;
115,Пехота финской армии и РККА 1939-1940,Горыныч Пласт,1:32,2020,lad/finn,plastic,flat,,;;;;;;;;;;;;;;;
116,Золото скифов (расширенный набор),Солдатики ЛАД,1:32,2020,lad/skify2,plastic,flat,"Набор выполнен по мотивам артефактов, найденных при раскопках скифских и сарматских курганах в Днепропетровской области и Крыму. Автор - Алексей Лапшин, г. Тюмень.",;;;;;;;;;;;;;;;;;
117,Война за независимость США. Колониальная милиция,Marx/Marx recast,1:35,,marx/usa_militia,plastic,round,Произведены в Мексике в 2000-е годы.,;;;;;;;;
118,Немецкая пехота,Airfix,1:32,,airfix/germans,plastic,round,,;;;;;;;
119,Седьмая кавалерия,Airfix,1:32,,airfix/7th_cavalry,plastic,round,,;;;;;;;;;;;
120,Ковбои,Airfix,1:32,,airfix/cowboys,plastic,round,,;;;;;;;;;;;
121,Французская пехота (Наполеоновские войны),Airfix,1:32,,airfix/french,plastic,round,,;;;;;
122,Индейцы,Airfix,1:32,,airfix/indians,plastic,round,,;;;;;;;;;;;
123,Средневековые воины,Airfix,1:32,,airfix/knights,plastic,round,,;;;;;;
124,Бельгийская пехота (Наполеоновские войны),A Call To Arms,1:32,,cta/belgian_infantry,plastic,round,,;;;
125,Британские артиллеристы + 9-фунтовое орудие (Наполеоновские войны),A Call To Arms,1:32,,cta/british_artillery,plastic,round,,;;;;
126,Британская конная гвардия (Наполеоновские войны),A Call To Arms,1:32,,cta/british_cavalry,plastic,round,,;;;
127,Британские драгуны (Наполеоновские войны),A Call To Arms,1:32,,cta/british_dragoons,plastic,round,,;;;
128,Британские лёгкая пехота (Наполеоновские войны),A Call To Arms,1:32,,cta/british_light_infantry,plastic,round,,;;;
129,Британские стрелки - 95-й элитный полк лёгкой пехоты (Наполеоновские войны),A Call To Arms,1:32,,cta/british_shooters,plastic,round,,;;;
130,Французские карабинеры (Наполеоновские войны),A Call To Arms,1:32,,cta/french_carabiners,plastic,round,,;;;
131,Французские кирасиры (Наполеоновские войны),A Call To Arms,1:32,,cta/french_cuirassiers,plastic,round,,;;;
132,Французские драгуны (Наполеоновские войны),A Call To Arms,1:32,,cta/french_dragoons,plastic,round,,;;;
133,Французская лёгкая пехота (Наполеоновские войны),A Call To Arms,1:32,,cta/french_light_infantry,plastic,round,,;;;
134,Французская линейная пехота (Наполеоновские войны),A Call To Arms,1:32,,cta/french_line_infantry,plastic,round,,;;;
135,Голландская пехота (Наполеоновские войны),A Call To Arms,1:32,,cta/holland_infantry,plastic,round,,;;;
136,"""Шотландские серые"" (Наполеоновские войны)",A Call To Arms,1:32,,cta/scottish_grey,plastic,round,,;;;
137,Британские гренадёры (Война за независимость США),A Call To Arms,1:32,,cta/usa_british_grenadiers,plastic,round,,;;;
138,Британская лёгкая пехота (Война за независимость США),A Call To Arms,1:32,,cta/usa_british_light_infantry,plastic,round,,;;;
139,Американский Мэрилэндский полк (Война за независимость США),A Call To Arms,1:32,,cta/usa_maryland,plastic,round,,;;;
140,Легенды Сибири (дополнение),Горыныч Пласт,1:32,2020,gorynych/ermak4,plastic,flat,,;;;
141,Стрельцы,Горыныч Пласт,1:32,2020,gorynych/streltsy,plastic,flat,,;
142,Воины древней Эллады 2,Солдатики ЛАД,1:32,,lad/greeks2,plastic,flat,,;;;;;;;;;;;
143,Ханское войско,Солдатики ЛАД,1:32,,lad/khan,plastic,flat,,;;;;;;;
144,Рыцарский турнир,Солдатики ЛАД,1:32,,lad/knights_tournir,plastic,flat,,;;;;;;;;;;;
145,Московское войско,Солдатики ЛАД,1:32,,lad/moscow,plastic,flat,,;;;;;;;;;;;
146,Робин Гуд и вольные стрелки,Marx/Marx recast,1:32,,marx/robin_hood,plastic,round,Набор по мотивам телешоу «Приключения Робин Гуда».,;;;;;;;;
147,Ковбои и золотоискатели,Marx/Marx recast,1:35,,marx/gold_finders,plastic,round,,;;;;;;;;;;;;;;;;;;;;;;
148,"Рыцари, вторая серия",Marx/Marx recast,1:35,,marx/knights2,plastic,round,,;;;;;;
149,Немецкая пехота,TSSD,1:32,,tssd/germans,plastic,round,,;;;;;;;
150,Советская пехота,TSSD,1:32,,tssd/russians,plastic,round,,;;;;;;;